,batch_size,depth,dropout,epochs,lr,width,l_train,l_test,param_norm,spectral_orig,spec,vc_dim
0,128,2,0.25,1,1,64,2.4111888647079467,2.050940979003906,85.64556884765625,155397.875,4.508698064481795,2328030.1433062716
1,128,2,0.25,1,1,128,2.6089856147766115,2.1350466552734373,123.52853393554688,672215.875,4.486182212616442,4706796.406596922
2,128,4,0.25,1,1,64,2.2713308691978455,2.3498030029296877,125.35134887695312,100051242.0,6.375445415210239,5026132.538079314
3,128,4,0.25,1,1,128,2.3105673670768736,2.199861279296875,200.27639770507812,1612012032.0,6.382177249377687,10405182.021047927
4,128,6,0.25,1,1,64,2.299531614780426,2.3316393310546877,165.0610809326172,56636272640.0,8.33967861257118,7490737.752176369
5,128,6,0.25,1,1,128,2.3166688561439512,2.3025926513671875,281.6148376464844,3463658602496.0,8.300429496004437,15966543.752342395
