,batch_size,depth,dropout,epochs,lr,width,l_train,l_test,param_norm,spectral_orig,spec,vc_dim
0,128,2,0.25,1,1,64,2.4115338921546936,2.0502123046875,85.62921905517578,155318.3125,4.508429832349641,2328030.1433062716
1,128,2,0.25,1,1,128,2.6089226841926574,2.1353527099609373,123.49699401855469,671878.25,4.486271236522158,4706796.406596922
2,128,4,0.25,1,1,64,2.2706164836883547,2.240888427734375,125.25701141357422,99420318.0,6.371735838262939,5026132.538079314
3,128,4,0.25,1,1,128,2.310123312473297,2.2938440185546876,200.2318878173828,1599049440.0,6.374205486096609,10405182.021047927
4,128,6,0.25,1,1,64,2.308512473106384,2.3161276611328123,165.3607940673828,57018064896.0,8.337769530193661,7490737.752176369
5,128,6,0.25,1,1,128,2.3171900272369386,2.302577734375,281.6226501464844,3463623475200.0,8.300233759733896,15966543.752342395
