,param_norm,spectral_orig,spec,vc_dim
0,0.36507936507936506,-0.23492063492063492,-0.40634920634920635,-0.12698412698412698
