,param_norm,spectral_orig,spec,vc_dim
0,0.6923076923076923,0.7037037037037037,0.36752136752136755,0.5555555555555556
