,param_norm,spectral_orig,spec,vc_dim
0,0.48148148148148145,0.4928774928774929,0.3504273504273504,0.32193732193732194
