,param_norm,spectral_orig,spec,vc_dim
0,-0.13015873015873017,-0.4095238095238095,-0.3746031746031746,-0.3682539682539683
