,batch_size,depth,dropout,epochs,lr,width,norm,l_train,l_test
0,128,2,0.25,1,1,24,51.37236404418945,2.304116060336431,2.303135693359375
1,128,2,0.25,1,1,48,99.54439544677734,2.3029693762461343,2.3036703857421874
2,128,4,0.25,1,1,24,98.71883392333984,2.3032387793064117,2.3026216064453124
3,128,4,0.25,1,1,48,194.60618591308594,2.302669902642568,2.302503125
