,param_norm,spectral_orig,spec,vc_dim
0,0.38095238095238093,0.03492063492063492,-0.006349206349206349,0.0031746031746031746
