,param_norm,spectral_orig,spec,vc_dim
0,0.3333333333333333,0.5294117647058824,0.42483660130718953,0.5490196078431373
