,batch_size,depth,dropout,epochs,lr,width,l_train,l_test,param_norm,spectral_orig,spec,vc_dim
0,128,2,0.25,1,1,24,2.304116060336431,2.303135693359375,51.37236404418945,6060869.5,7.306094104061204,37808.812953640474
1,128,2,0.25,1,1,48,2.3029693762461343,2.3036703857421874,99.54439544677734,384702388.0,7.287186246321914,145492.49558673063
2,128,4,0.25,1,1,24,2.3032387793064117,2.3026216064453124,98.71883392333984,2747363786752.0,13.267375849700155,270839.95895808033
3,128,4,0.25,1,1,48,2.302669902642568,2.302503125,194.60618591308594,1.2147564652527616e+16,13.327552424364857,1063701.4702543179
